{
    "loss": 1.3648635149002075,
    "accuracy": 0.7931034564971924
}