{
    "loss": 0.8562960624694824,
    "accuracy": 0.8275862336158752
}